{
    "regression": {
        "MAE": 4245.735032735911,
        "MSE": 21291531.359284423,
        "RMSE": 4614.274738166814,
        "R2": 0.019597112492004687
    },
    "classification": {
        "accuracy": 0.9996253278381416,
        "precision": 0.997588908981314,
        "recall": 0.9998589662224102,
        "f1": 0.9987195468350419,
        "confusion_matrix": [
            [
                673,
                0,
                0
            ],
            [
                0,
                549,
                0
            ],
            [
                0,
                4,
                9450
            ]
        ]
    },
    "anomaly": {
        "anomaly_rate": 0.010022480329711503,
        "stability_score": 0.9999775196702885
    }
}